{
    "mean_pixel_overlap": {
        "mean": 0.062097402597402596,
        "std": 0.08963399549482766
    },
    "structural_similarity": {
        "mean": 0.06525956915793359,
        "std": 0.15394364348817358
    },
    "feature_correlation": {
        "mean": 0.07341770894592742,
        "std": 0.18789908464427013
    }
}