{
    "accuracy": 0.797030374863397,
    "error_rate": 0.202969625136603,
    "performance": 79.7030374863397
}