{
    "feature_correlation": {
        "mean": 0.797030374863397,
        "std": 0.05125729532906285,
        "min": 0.6612212707038791,
        "max": 0.9217927934369676
    },
    "structural_similarity": {
        "mean": 0.7176004359970561,
        "std": 0.05803219806478621,
        "min": 0.5484444829794792,
        "max": 0.8394740142832376
    },
    "pixel_similarity": {
        "mean": 0.10441141300270107,
        "std": 0.028188819527125503,
        "min": 0.05825087847639055,
        "max": 0.20906182785614252
    }
}